<application>
  <component name="FeatureSuggesterSettings">
    <option name="workingDays">
      <list>
        <option value="1651854159616" />
        <option value="1652195447733" />
        <option value="1652275943111" />
        <option value="1652362097841" />
        <option value="1652446901278" />
        <option value="1652751468915" />
        <option value="1652794527095" />
        <option value="1652878818714" />
        <option value="1653073891328" />
        <option value="1653312017282" />
        <option value="1653404069521" />
        <option value="1653483003459" />
        <option value="1653600266740" />
        <option value="1653673400831" />
      </list>
    </option>
  </component>
</application>