<application>
  <component name="FeatureSuggesterSettings">
    <option name="workingDays">
      <list>
        <option value="1651779836114" />
        <option value="1651856889695" />
        <option value="1652105936177" />
        <option value="1652187420136" />
        <option value="1652363767383" />
        <option value="1652447314103" />
        <option value="1652708868536" />
        <option value="1652890686973" />
        <option value="1652965342034" />
        <option value="1653053397245" />
        <option value="1653226437098" />
        <option value="1653324233336" />
        <option value="1653399076475" />
        <option value="1653501973581" />
        <option value="1653613118014" />
        <option value="1653654720274" />
      </list>
    </option>
  </component>
</application>